feature,importance
last_login_days,0.21802979068191847
monthly_spend,0.13121091555737355
email_open_rate,0.12210293867303572
num_purchases,0.11866650789690199
tenure_months,0.11833521341162241
age,0.11296321371770342
support_tickets,0.08691638144494616
channel_enc,0.04153810671666751
tier_enc,0.030466419384314238
gender_enc,0.01977051251551658
